{"Train/Loss":1.1791081428527832,"Train/WallclockTime":2423.123797893524,"_timestamp":1.739784223232941e+09,"Validation/Loss":1.1662633419036865,"_runtime":2425.339006189,"Train/LR":1e-05,"_wandb":{"runtime":2425},"_step":10000,"iteration":10000}