{"Train/Loss": 1.1780993938446045, "Train/LR": 1e-05, "Train/WallclockTime": 2598.5141820907593, "iteration": 5000, "_timestamp": 1739779610.8721433, "Validation/Loss": 1.1668331623077393, "_runtime": 2603.184596300125, "_step": 5000, "_wandb": {"runtime": 2608}}